User_ID,Group,Device,Region,Age,Visits,Converted,Revenue
U10001,Control,Mobile,North,60.0,4,0,0.0
U10002,Treatment,Mobile,West,48.0,4,0,0.0
U10003,Control,Mobile,North,44.0,7,0,0.0
U10004,Control,Mobile,West,28.0,5,0,0.0
U10005,Control,Mobile,South,55.0,10,0,0.0
U10006,Treatment,Mobile,East,22.0,4,0,0.0
U10007,Control,Mobile,South,25.0,3,0,0.0
U10008,Control,Mobile,West,51.0,4,0,0.0
U10009,Control,Mobile,East,29.0,3,0,0.0
U10010,Treatment,Desktop,West,55.0,6,0,0.0
U10011,Control,Mobile,East,18.0,5,0,0.0
U10012,Control,Desktop,East,48.0,4,0,0.0
U10013,Control,Desktop,East,21.0,6,0,0.0
U10014,Control,Mobile,East,22.0,4,0,0.0
U10015,Treatment,Mobile,West,47.0,2,0,0.0
U10016,Control,Nan,East,41.0,4,0,0.0
U10017,Treatment,Mobile,East,20.0,8,0,0.0
U10018,Treatment,Mobile,South,28.0,4,0,0.0
U10019,Treatment,Desktop,North,21.0,3,0,0.0
U10020,Control,Desktop,North,43.0,6,0,0.0
U10021,Treatment,Mobile,South,44.0,3,0,0.0
U10022,Control,Mobile,South,60.0,5,0,0.0
U10023,Treatment,Mobile,West,44.0,2,1,1715.6
U10024,Treatment,Mobile,West,59.0,4,0,0.0
U10025,Treatment,Desktop,West,23.0,9,0,0.0
U10026,Treatment,Mobile,South,32.0,4,0,0.0
U10027,Treatment,Nan,South,47.0,6,0,0.0
U10028,Treatment,Desktop,East,59.0,7,0,0.0
U10029,Treatment,Mobile,West,54.0,6,0,0.0
U10030,Treatment,Mobile,West,54.0,5,0,0.0
U10031,Control,Desktop,West,59.0,4,0,0.0
U10032,Control,Desktop,North,54.0,5,0,0.0
U10033,Treatment,Mobile,East,52.0,1,0,0.0
U10034,Treatment,Mobile,West,40.0,9,0,0.0
U10035,Treatment,Mobile,West,39.0,3,0,0.0
U10036,Control,Mobile,West,21.0,5,1,1652.31
U10037,Treatment,Mobile,North,39.0,1,1,1120.88
U10038,Control,Mobile,North,26.0,2,0,0.0
U10039,Treatment,Nan,South,46.0,8,0,0.0
U10040,Control,Mobile,East,30.0,5,1,2697.25
U10041,Control,Mobile,South,34.0,6,0,0.0
U10042,Control,Mobile,East,49.0,2,0,0.0
U10043,Treatment,Mobile,North,39.0,6,0,0.0
U10044,Treatment,Mobile,West,21.0,2,0,0.0
U10045,Treatment,Mobile,South,22.0,3,0,0.0
U10046,Treatment,Desktop,West,54.0,2,0,0.0
U10047,Treatment,Mobile,South,58.0,5,0,0.0
U10048,Control,Desktop,North,30.0,4,0,0.0
U10049,Treatment,Desktop,North,51.0,2,0,0.0
U10050,Treatment,Mobile,North,39.0,4,0,0.0
U10051,Control,Mobile,South,40.0,3,0,0.0
U10052,Treatment,Mobile,East,20.0,3,0,0.0
U10053,Control,Mobile,South,59.0,2,0,0.0
U10054,Treatment,Desktop,East,51.0,4,0,0.0
U10055,Control,Mobile,South,49.0,3,0,0.0
U10056,Treatment,Mobile,South,38.0,4,0,0.0
U10057,Treatment,Mobile,North,38.0,4,0,0.0
U10058,Control,Mobile,West,28.0,6,0,0.0
U10059,Control,Desktop,West,56.0,7,0,0.0
U10060,Control,Mobile,East,21.0,4,0,0.0
U10061,Control,Mobile,West,18.0,6,0,0.0
U10062,Control,Tablet,South,45.0,3,0,0.0
U10063,Control,Desktop,South,41.0,3,1,1889.03
U10064,Control,Mobile,North,52.0,5,0,0.0
U10065,Control,Mobile,North,30.0,4,0,0.0
U10066,Treatment,Mobile,West,51.0,3,0,0.0
U10067,Treatment,Mobile,East,28.0,2,1,1529.35
U10068,Control,Mobile,West,53.0,6,0,0.0
U10069,Treatment,Mobile,West,34.0,4,0,0.0
U10070,Treatment,Mobile,West,52.0,5,0,0.0
U10071,Treatment,Mobile,West,35.0,2,0,0.0
U10072,Treatment,Desktop,South,57.0,4,0,0.0
U10073,Control,Mobile,East,39.0,5,0,0.0
U10074,Treatment,Mobile,South,41.0,3,0,0.0
U10075,Control,Mobile,East,36.0,3,0,0.0
U10076,Treatment,Tablet,North,39.0,3,0,0.0
U10077,Treatment,Mobile,West,56.0,5,0,0.0
U10078,Treatment,Mobile,South,38.0,6,0,0.0
U10079,Control,Tablet,East,25.0,3,1,1914.26
U10080,Treatment,Desktop,North,45.0,3,0,0.0
U10081,Control,Desktop,North,22.0,5,0,0.0
U10082,Treatment,Mobile,West,34.0,1,0,0.0
U10083,Control,Mobile,East,54.0,4,0,0.0
U10084,Treatment,Desktop,South,53.0,1,0,0.0
U10085,Control,Tablet,West,36.0,3,0,0.0
U10086,Control,Mobile,South,44.0,3,0,0.0
U10087,Treatment,Mobile,North,51.0,2,1,3528.14
U10088,Control,Mobile,South,28.0,5,0,0.0
U10089,Treatment,Desktop,South,29.0,6,1,1906.1
U10090,Treatment,Mobile,West,38.0,2,0,0.0
U10091,Treatment,Mobile,South,28.0,5,0,0.0
U10092,Treatment,Mobile,West,56.0,1,0,0.0
U10093,Treatment,Mobile,North,45.0,7,0,0.0
U10094,Treatment,Mobile,West,22.0,6,0,0.0
U10095,Treatment,Mobile,West,34.0,2,0,0.0
U10096,Treatment,Desktop,East,37.0,6,0,0.0
U10097,Treatment,Mobile,South,58.0,2,0,0.0
U10098,Treatment,Mobile,North,29.0,5,0,0.0
U10099,Treatment,Mobile,West,23.0,3,0,0.0
U10100,Control,Mobile,North,34.0,2,0,0.0
U10101,Control,Mobile,East,36.0,4,0,0.0
U10102,Treatment,Mobile,South,43.0,4,0,0.0
U10103,Treatment,Mobile,West,49.0,7,0,0.0
U10104,Treatment,Mobile,South,23.0,1,0,0.0
U10105,Treatment,Mobile,East,53.0,4,0,0.0
U10106,Treatment,Tablet,East,55.0,6,0,0.0
U10107,Treatment,Mobile,North,28.0,2,0,0.0
U10108,Treatment,Desktop,West,50.0,4,0,0.0
U10109,Treatment,Mobile,North,41.0,5,0,0.0
U10110,Control,Desktop,East,40.0,3,0,0.0
U10111,Treatment,Desktop,South,32.0,4,0,0.0
U10112,Control,Mobile,North,44.0,8,0,0.0
U10113,Treatment,Mobile,North,28.0,2,0,0.0
U10114,Treatment,Mobile,South,34.0,4,0,0.0
U10115,Control,Mobile,North,31.0,4,0,0.0
U10116,Treatment,Tablet,South,44.0,2,0,0.0
U10117,Control,Desktop,West,35.0,2,0,0.0
U10118,Treatment,Tablet,South,45.0,3,0,0.0
U10119,Treatment,Mobile,West,21.0,3,0,0.0
U10120,Control,Desktop,South,24.0,7,0,0.0
U10121,Treatment,Tablet,East,52.0,2,0,0.0
U10122,Control,Mobile,East,26.0,4,0,0.0
U10123,Treatment,Mobile,West,25.0,4,0,0.0
U10124,Control,Desktop,West,34.0,5,0,0.0
U10125,Control,Mobile,East,34.0,3,0,0.0
U10126,Treatment,Desktop,West,50.0,4,0,0.0
U10127,Treatment,Mobile,South,49.0,5,0,0.0
U10128,Control,Desktop,South,25.0,3,1,3489.3
U10129,Treatment,Mobile,East,36.0,4,0,0.0
U10130,Treatment,Mobile,North,55.0,3,0,0.0
U10131,Treatment,Mobile,South,20.0,5,0,0.0
U10132,Control,Desktop,West,22.0,2,1,1234.48
U10133,Control,Desktop,North,30.0,4,1,1776.88
U10134,Control,Mobile,North,48.0,6,0,0.0
U10135,Control,Mobile,South,33.0,3,0,0.0
U10136,Control,Desktop,South,49.0,5,0,0.0
U10137,Control,Mobile,North,39.0,3,0,0.0
U10138,Control,Desktop,North,46.0,2,0,0.0
U10139,Control,Mobile,East,39.0,4,0,0.0
U10140,Control,Mobile,West,60.0,5,0,0.0
U10141,Treatment,Mobile,East,20.0,8,0,0.0
U10142,Control,Mobile,South,27.0,5,0,0.0
U10143,Treatment,Desktop,East,59.0,7,0,0.0
U10144,Treatment,Mobile,East,38.0,5,0,0.0
U10145,Treatment,Mobile,East,33.0,2,0,0.0
U10146,Control,Desktop,East,29.0,2,0,0.0
U10147,Control,Nan,West,19.0,8,0,0.0
U10148,Control,Mobile,West,58.0,5,0,0.0
U10149,Control,Tablet,North,41.0,4,0,0.0
U10150,Treatment,Desktop,South,52.0,4,0,0.0
U10151,Control,Mobile,East,47.0,4,0,0.0
U10152,Control,Nan,North,47.0,4,0,0.0
U10153,Control,Desktop,North,52.0,2,0,0.0
U10154,Control,Mobile,North,36.0,2,0,0.0
U10155,Control,Mobile,West,25.0,4,0,0.0
U10156,Treatment,Desktop,East,43.0,1,0,0.0
U10157,Control,Desktop,East,57.0,4,0,0.0
U10158,Treatment,Mobile,South,24.0,4,0,0.0
U10159,Control,Desktop,East,47.0,1,0,0.0
U10160,Treatment,Desktop,East,24.0,3,0,0.0
U10161,Control,Mobile,North,20.0,2,0,0.0
U10162,Control,Mobile,South,18.0,3,1,337.2
U10163,Treatment,Mobile,East,53.0,5,0,0.0
U10164,Treatment,Nan,West,42.0,5,0,0.0
U10165,Treatment,Mobile,East,54.0,2,0,0.0
U10166,Control,Mobile,North,18.0,4,1,1138.56
U10167,Treatment,Desktop,West,32.0,4,0,0.0
U10168,Control,Desktop,North,54.0,3,0,0.0
U10169,Control,Mobile,East,30.0,3,0,0.0
U10170,Treatment,Desktop,West,57.0,4,0,0.0
U10171,Treatment,Mobile,South,25.0,3,0,0.0
U10172,Control,Desktop,South,22.0,4,0,0.0
U10173,Control,Mobile,West,26.0,3,0,0.0
U10174,Treatment,Mobile,West,18.0,2,0,0.0
U10175,Treatment,Desktop,North,53.0,1,0,0.0
U10176,Treatment,Mobile,West,52.0,4,0,0.0
U10177,Control,Mobile,North,19.0,5,0,0.0
U10178,Control,Desktop,East,57.0,5,0,0.0
U10179,Control,Desktop,North,40.0,4,0,0.0
U10180,Control,Desktop,West,26.0,4,0,0.0
U10181,Control,Desktop,West,51.0,7,0,0.0
U10182,Control,Mobile,East,31.0,5,0,0.0
U10183,Treatment,Mobile,West,21.0,5,0,0.0
U10184,Control,Mobile,West,47.0,6,0,0.0
U10185,Control,Mobile,South,48.0,2,0,0.0
U10186,Control,Tablet,South,55.0,5,0,0.0
U10187,Treatment,Mobile,East,28.0,3,0,0.0
U10188,Control,Mobile,North,52.0,5,1,827.05
U10189,Control,Nan,South,25.0,6,0,0.0
U10190,Treatment,Tablet,North,20.0,3,0,0.0
U10191,Control,Mobile,West,31.0,5,0,0.0
U10192,Control,Mobile,South,30.0,2,0,0.0
U10193,Control,Mobile,East,49.0,3,0,0.0
U10194,Control,Desktop,East,51.0,5,0,0.0
U10195,Control,Mobile,East,36.0,2,0,0.0
U10196,Treatment,Desktop,South,55.0,2,0,0.0
U10197,Treatment,Tablet,North,33.0,1,0,0.0
U10198,Treatment,Mobile,West,19.0,4,0,0.0
U10199,Control,Desktop,North,57.0,4,1,1121.74
U10200,Control,Tablet,North,34.0,5,0,0.0
U10201,Control,Desktop,West,51.0,3,0,0.0
U10202,Treatment,Mobile,West,59.0,4,0,0.0
U10203,Control,Mobile,South,33.0,7,0,0.0
U10204,Control,Desktop,South,55.0,3,0,0.0
U10205,Treatment,Mobile,South,19.0,3,0,0.0
U10206,Control,Desktop,South,19.0,3,0,0.0
U10207,Treatment,Tablet,South,43.0,5,1,1063.72
U10208,Treatment,Tablet,West,30.0,2,1,543.55
U10209,Treatment,Mobile,North,48.0,5,1,485.92
U10210,Control,Mobile,South,51.0,4,0,0.0
U10211,Control,Tablet,South,56.0,4,0,0.0
U10212,Control,Desktop,North,20.0,6,0,0.0
U10213,Control,Mobile,South,25.0,4,0,0.0
U10214,Control,Tablet,North,40.0,2,0,0.0
U10215,Control,Desktop,North,31.0,2,0,0.0
U10216,Control,Mobile,West,44.0,4,1,1883.09
U10217,Treatment,Mobile,East,46.0,6,0,0.0
U10218,Control,Mobile,West,56.0,5,1,3123.59
U10219,Treatment,Mobile,East,56.0,3,0,0.0
U10220,Control,Mobile,East,18.0,8,0,0.0
U10221,Control,Desktop,East,34.0,1,0,0.0
U10222,Control,Mobile,South,58.0,5,0,0.0
U10223,Treatment,Mobile,West,47.0,3,0,0.0
U10224,Treatment,Mobile,East,30.0,4,0,0.0
U10225,Treatment,Mobile,North,38.0,2,0,0.0
U10226,Treatment,Tablet,South,36.0,4,1,2254.7
U10227,Control,Mobile,West,36.0,2,0,0.0
U10228,Treatment,Mobile,East,42.0,4,0,0.0
U10229,Control,Desktop,North,39.0,7,0,0.0
U10230,Control,Mobile,West,48.0,4,0,0.0
U10231,Treatment,Mobile,West,34.0,3,0,0.0
U10232,Treatment,Mobile,South,40.0,2,0,0.0
U10233,Treatment,Mobile,West,49.0,5,0,0.0
U10234,Treatment,Mobile,South,27.0,5,0,0.0
U10235,Treatment,Mobile,East,27.0,4,0,0.0
U10236,Treatment,Mobile,South,53.0,2,0,0.0
U10237,Treatment,Tablet,North,25.0,5,0,0.0
U10238,Treatment,Mobile,South,37.0,3,0,0.0
U10239,Control,Mobile,North,49.0,5,0,0.0
U10240,Treatment,Desktop,South,31.0,2,1,1768.33
U10241,Treatment,Mobile,West,45.0,6,0,0.0
U10242,Control,Desktop,East,41.0,4,0,0.0
U10243,Treatment,Mobile,North,32.0,2,0,0.0
U10244,Control,Tablet,South,39.0,3,0,0.0
U10245,Control,Mobile,South,47.0,2,1,1937.54
U10246,Treatment,Mobile,South,21.0,6,0,0.0
U10247,Control,Mobile,West,30.0,2,0,0.0
U10248,Control,Tablet,West,40.0,4,0,0.0
U10249,Control,Mobile,North,25.0,3,0,0.0
U10250,Control,Mobile,North,35.0,4,0,0.0
U10251,Treatment,Mobile,West,29.0,3,0,0.0
U10252,Control,Desktop,North,48.0,6,0,0.0
U10253,Treatment,Mobile,East,31.0,5,0,0.0
U10254,Control,Desktop,East,51.0,6,0,0.0
U10255,Control,Mobile,West,35.0,3,0,0.0
U10256,Control,Mobile,North,51.0,4,0,0.0
U10257,Control,Mobile,South,28.0,3,0,0.0
U10258,Treatment,Mobile,East,58.0,2,0,0.0
U10259,Treatment,Mobile,West,29.0,4,0,0.0
U10260,Control,Mobile,North,32.0,2,0,0.0
U10261,Control,Desktop,West,48.0,8,0,0.0
U10262,Treatment,Mobile,South,46.0,7,0,0.0
U10263,Control,Mobile,East,43.0,4,0,0.0
U10264,Control,Mobile,West,35.0,5,1,1911.5
U10265,Control,Mobile,West,49.0,2,0,0.0
U10266,Treatment,Mobile,West,39.0,2,0,0.0
U10267,Treatment,Mobile,South,55.0,3,0,0.0
U10268,Treatment,Mobile,West,34.0,4,1,1047.83
U10269,Control,Desktop,South,40.0,4,0,0.0
U10270,Control,Tablet,South,41.0,2,1,1303.35
U10271,Treatment,Mobile,South,25.0,5,1,954.97
U10272,Treatment,Mobile,East,58.0,2,0,0.0
U10273,Treatment,Desktop,East,23.0,4,1,1648.12
U10274,Treatment,Mobile,West,22.0,4,0,0.0
U10275,Control,Mobile,West,46.0,2,0,0.0
U10276,Treatment,Mobile,East,45.0,3,0,0.0
U10277,Control,Desktop,North,28.0,5,0,0.0
U10278,Treatment,Desktop,East,18.0,3,0,0.0
U10279,Control,Mobile,South,60.0,1,0,0.0
U10280,Treatment,Mobile,East,36.0,5,0,0.0
U10281,Treatment,Mobile,South,26.0,1,0,0.0
U10282,Treatment,Desktop,West,44.0,3,0,0.0
U10283,Treatment,Mobile,North,51.0,6,0,0.0
U10284,Control,Mobile,West,21.0,2,0,0.0
U10285,Treatment,Desktop,South,53.0,6,0,0.0
U10286,Control,Mobile,South,35.0,5,0,0.0
U10287,Control,Desktop,South,32.0,5,0,0.0
U10288,Control,Mobile,North,30.0,4,0,0.0
U10289,Control,Mobile,East,36.0,7,0,0.0
U10290,Treatment,Mobile,West,23.0,3,0,0.0
U10291,Control,Desktop,West,29.0,5,1,1749.37
U10292,Control,Desktop,East,54.0,3,0,0.0
U10293,Control,Desktop,West,34.0,6,1,1433.29
U10294,Treatment,Mobile,North,40.0,4,0,0.0
U10295,Treatment,Desktop,West,43.0,4,0,0.0
U10296,Treatment,Mobile,South,46.0,4,0,0.0
U10297,Treatment,Mobile,East,50.0,2,0,0.0
U10298,Control,Desktop,North,44.0,4,0,0.0
U10299,Control,Mobile,East,42.0,7,0,0.0
U10300,Treatment,Mobile,North,27.0,4,0,0.0
U10301,Control,Mobile,South,40.0,2,0,0.0
U10302,Control,Mobile,East,38.0,4,0,0.0
U10303,Control,Mobile,West,38.0,4,0,0.0
U10304,Treatment,Mobile,North,60.0,3,0,0.0
U10305,Treatment,Mobile,East,30.0,4,0,0.0
U10306,Control,Desktop,West,54.0,1,0,0.0
U10307,Treatment,Desktop,East,50.0,9,0,0.0
U10308,Treatment,Mobile,East,41.0,2,0,0.0
U10309,Treatment,Mobile,East,28.0,2,1,2272.08
U10310,Treatment,Mobile,North,34.0,4,0,0.0
U10311,Treatment,Mobile,West,21.0,3,0,0.0
U10312,Control,Mobile,South,42.0,3,0,0.0
U10313,Treatment,Desktop,North,47.0,4,0,0.0
U10314,Control,Mobile,North,26.0,5,0,0.0
U10315,Control,Mobile,North,38.0,4,0,0.0
U10316,Treatment,Mobile,South,37.0,8,0,0.0
U10317,Control,Mobile,West,36.0,4,0,0.0
U10318,Control,Tablet,West,36.0,4,0,0.0
U10319,Control,Desktop,West,29.0,4,0,0.0
U10320,Treatment,Mobile,East,54.0,6,0,0.0
U10321,Treatment,Desktop,East,59.0,6,0,0.0
U10322,Control,Mobile,East,34.0,5,0,0.0
U10323,Treatment,Desktop,South,54.0,5,0,0.0
U10324,Treatment,Desktop,East,56.0,3,0,0.0
U10325,Treatment,Mobile,South,45.0,7,0,0.0
U10326,Treatment,Mobile,West,58.0,4,1,1129.98
U10327,Control,Mobile,East,52.0,3,0,0.0
U10328,Control,Mobile,East,35.0,7,0,0.0
U10329,Treatment,Desktop,North,31.0,5,0,0.0
U10330,Treatment,Mobile,South,52.0,4,0,0.0
U10331,Control,Mobile,West,58.0,4,0,0.0
U10332,Control,Desktop,North,24.0,7,0,0.0
U10333,Treatment,Tablet,North,58.0,5,0,0.0
U10334,Control,Mobile,West,30.0,3,0,0.0
U10335,Treatment,Mobile,North,35.0,2,0,0.0
U10336,Treatment,Mobile,South,54.0,4,0,0.0
U10337,Control,Mobile,South,30.0,5,0,0.0
U10338,Control,Tablet,East,53.0,6,0,0.0
U10339,Treatment,Mobile,North,48.0,7,0,0.0
U10340,Treatment,Mobile,East,19.0,3,0,0.0
U10341,Control,Mobile,North,33.0,5,0,0.0
U10342,Treatment,Mobile,South,26.0,5,0,0.0
U10343,Control,Desktop,South,26.0,1,0,0.0
U10344,Treatment,Desktop,South,55.0,5,0,0.0
U10345,Control,Mobile,North,28.0,6,0,0.0
U10346,Control,Mobile,South,39.0,3,0,0.0
U10347,Control,Mobile,North,50.0,6,0,0.0
U10348,Treatment,Tablet,East,53.0,5,0,0.0
U10349,Treatment,Desktop,North,40.0,6,0,0.0
U10350,Control,Mobile,East,51.0,3,0,0.0
U10351,Treatment,Desktop,North,26.0,3,0,0.0
U10352,Control,Desktop,East,41.0,1,0,0.0
U10353,Control,Mobile,South,25.0,5,0,0.0
U10354,Treatment,Tablet,East,24.0,2,1,1962.39
U10355,Treatment,Mobile,South,53.0,3,0,0.0
U10356,Control,Mobile,South,35.0,4,1,261.64
U10357,Treatment,Mobile,East,20.0,3,0,0.0
U10358,Treatment,Mobile,North,45.0,3,0,0.0
U10359,Control,Mobile,North,23.0,2,1,1182.77
U10360,Control,Desktop,West,38.0,4,0,0.0
U10361,Treatment,Mobile,North,45.0,5,0,0.0
U10362,Control,Desktop,West,57.0,7,0,0.0
U10363,Control,Mobile,North,18.0,4,0,0.0
U10364,Treatment,Mobile,North,53.0,3,0,0.0
U10365,Control,Mobile,South,38.0,4,0,0.0
U10366,Control,Mobile,West,60.0,2,0,0.0
U10367,Treatment,Desktop,North,52.0,3,0,0.0
U10368,Treatment,Mobile,West,30.0,2,0,0.0
U10369,Control,Mobile,South,27.0,4,1,1671.05
U10370,Control,Mobile,South,27.0,5,0,0.0
U10371,Treatment,Desktop,West,30.0,3,0,0.0
U10372,Treatment,Tablet,South,54.0,3,0,0.0
U10373,Treatment,Desktop,East,55.0,4,0,0.0
U10374,Treatment,Mobile,East,41.0,3,0,0.0
U10375,Control,Mobile,South,19.0,3,0,0.0
U10376,Treatment,Mobile,East,39.0,4,0,0.0
U10377,Treatment,Mobile,North,34.0,2,0,0.0
U10378,Control,Mobile,West,53.0,7,1,1010.34
U10379,Treatment,Mobile,North,31.0,3,0,0.0
U10380,Control,Mobile,West,27.0,3,0,0.0
U10381,Treatment,Mobile,South,52.0,3,0,0.0
U10382,Treatment,Desktop,North,42.0,5,0,0.0
U10383,Treatment,Mobile,South,20.0,2,0,0.0
U10384,Control,Mobile,South,55.0,3,0,0.0
U10385,Control,Desktop,West,34.0,5,0,0.0
U10386,Treatment,Mobile,West,29.0,4,0,0.0
U10387,Control,Desktop,West,41.0,4,0,0.0
U10388,Control,Mobile,North,46.0,4,0,0.0
U10389,Control,Mobile,East,60.0,7,0,0.0
U10390,Control,Desktop,West,42.0,4,0,0.0
U10391,Control,Desktop,West,53.0,4,0,0.0
U10392,Control,Desktop,North,43.0,2,0,0.0
U10393,Treatment,Mobile,West,55.0,3,0,0.0
U10394,Treatment,Mobile,North,18.0,5,0,0.0
U10395,Control,Mobile,South,37.0,4,0,0.0
U10396,Treatment,Mobile,West,45.0,4,0,0.0
U10397,Treatment,Tablet,West,33.0,3,0,0.0
U10398,Treatment,Mobile,South,34.0,4,1,2423.35
U10399,Treatment,Tablet,South,57.0,2,0,0.0
U10400,Control,Mobile,South,45.0,3,0,0.0
U10401,Treatment,Mobile,West,29.0,3,0,0.0
U10402,Treatment,Mobile,East,44.0,4,0,0.0
U10403,Control,Desktop,East,59.0,6,0,0.0
U10404,Control,Desktop,East,47.0,4,0,0.0
U10405,Treatment,Desktop,West,58.0,7,0,0.0
U10406,Treatment,Desktop,South,51.0,3,0,0.0
U10407,Treatment,Desktop,West,54.0,6,0,0.0
U10408,Treatment,Desktop,South,23.0,7,0,0.0
U10409,Treatment,Mobile,West,24.0,7,0,0.0
U10410,Treatment,Mobile,West,49.0,4,0,0.0
U10411,Control,Mobile,South,49.0,5,0,0.0
U10412,Treatment,Tablet,East,42.0,4,0,0.0
U10413,Treatment,Tablet,South,50.0,3,0,0.0
U10414,Control,Mobile,North,24.0,6,0,0.0
U10415,Control,Desktop,North,29.0,5,0,0.0
U10416,Control,Tablet,South,33.0,3,0,0.0
U10417,Control,Mobile,West,33.0,1,0,0.0
U10418,Treatment,Mobile,North,60.0,1,1,760.69
U10419,Treatment,Tablet,North,53.0,6,0,0.0
U10420,Treatment,Mobile,West,30.0,7,0,0.0
U10421,Treatment,Desktop,West,24.0,2,0,0.0
U10422,Treatment,Mobile,East,39.0,3,0,0.0
U10423,Treatment,Tablet,West,26.0,6,0,0.0
U10424,Control,Tablet,South,49.0,5,0,0.0
U10425,Treatment,Tablet,South,28.0,4,0,0.0
U10426,Control,Mobile,East,25.0,3,0,0.0
U10427,Control,Desktop,North,50.0,1,0,0.0
U10428,Treatment,Desktop,North,40.0,5,0,0.0
U10429,Control,Mobile,West,42.0,6,0,0.0
U10430,Treatment,Desktop,South,25.0,3,0,0.0
U10431,Control,Mobile,North,39.0,4,0,0.0
U10432,Treatment,Mobile,East,21.0,8,1,1761.19
U10433,Control,Mobile,East,57.0,6,0,0.0
U10434,Treatment,Mobile,South,20.0,4,0,0.0
U10435,Treatment,Mobile,East,46.0,2,0,0.0
U10436,Treatment,Desktop,East,58.0,4,0,0.0
U10437,Treatment,Mobile,South,46.0,5,0,0.0
U10438,Treatment,Desktop,West,51.0,2,0,0.0
U10439,Control,Mobile,West,51.0,4,0,0.0
U10440,Control,Mobile,East,45.0,4,0,0.0
U10441,Control,Mobile,West,30.0,5,0,0.0
U10442,Treatment,Desktop,West,32.0,2,0,0.0
U10443,Control,Mobile,East,40.0,3,0,0.0
U10444,Treatment,Desktop,West,43.0,4,0,0.0
U10445,Treatment,Desktop,East,21.0,3,0,0.0
U10446,Control,Desktop,North,43.0,2,0,0.0
U10447,Control,Mobile,South,57.0,2,0,0.0
U10448,Treatment,Mobile,South,26.0,4,0,0.0
U10449,Control,Desktop,West,22.0,1,0,0.0
U10450,Treatment,Mobile,West,49.0,4,0,0.0
U10451,Treatment,Desktop,West,37.0,2,0,0.0
U10452,Treatment,Mobile,South,28.0,2,0,0.0
U10453,Treatment,Tablet,North,32.0,8,1,2618.49
U10454,Treatment,Desktop,North,49.0,4,0,0.0
U10455,Control,Tablet,South,45.0,3,0,0.0
U10456,Control,Mobile,North,39.0,5,0,0.0
U10457,Treatment,Desktop,South,58.0,5,0,0.0
U10458,Treatment,Mobile,North,34.0,1,0,0.0
U10459,Control,Mobile,East,43.0,4,0,0.0
U10460,Control,Desktop,East,24.0,4,0,0.0
U10461,Treatment,Desktop,South,59.0,8,0,0.0
U10462,Control,Tablet,North,43.0,4,0,0.0
U10463,Treatment,Desktop,West,42.0,3,0,0.0
U10464,Control,Mobile,North,27.0,5,0,0.0
U10465,Treatment,Mobile,East,36.0,3,0,0.0
U10466,Control,Desktop,East,28.0,3,0,0.0
U10467,Treatment,Mobile,North,30.0,4,1,105.74
U10468,Control,Mobile,North,25.0,1,0,0.0
U10469,Control,Mobile,West,57.0,1,0,0.0
U10470,Treatment,Nan,West,21.0,4,0,0.0
U10471,Control,Mobile,North,48.0,5,0,0.0
U10472,Treatment,Mobile,North,45.0,7,0,0.0
U10473,Treatment,Mobile,North,28.0,5,0,0.0
U10474,Treatment,Mobile,North,60.0,3,0,0.0
U10475,Control,Tablet,South,18.0,3,0,0.0
U10476,Treatment,Mobile,North,55.0,9,0,0.0
U10477,Control,Mobile,West,41.0,5,0,0.0
U10478,Treatment,Desktop,East,48.0,4,0,0.0
U10479,Control,Mobile,South,58.0,2,0,0.0
U10480,Treatment,Tablet,North,43.0,3,0,0.0
U10481,Treatment,Desktop,East,22.0,2,0,0.0
U10482,Treatment,Mobile,South,37.0,4,0,0.0
U10483,Control,Mobile,East,58.0,5,0,0.0
U10484,Treatment,Desktop,North,28.0,1,0,0.0
U10485,Control,Tablet,North,50.0,3,0,0.0
U10486,Treatment,Mobile,West,55.0,6,0,0.0
U10487,Control,Desktop,North,44.0,6,0,0.0
U10488,Treatment,Mobile,North,51.0,4,0,0.0
U10489,Control,Tablet,South,32.0,2,0,0.0
U10490,Control,Mobile,West,49.0,4,0,0.0
U10491,Treatment,Tablet,South,38.0,3,1,918.58
U10492,Control,Desktop,East,22.0,6,0,0.0
U10493,Control,Desktop,North,23.0,2,0,0.0
U10494,Treatment,Mobile,East,55.0,4,0,0.0
U10495,Control,Mobile,South,39.0,4,0,0.0
U10496,Control,Mobile,North,35.0,5,0,0.0
U10497,Control,Mobile,North,31.0,3,0,0.0
U10498,Treatment,Mobile,South,27.0,3,0,0.0
U10499,Control,Desktop,South,30.0,2,1,552.93
U10500,Treatment,Mobile,South,48.0,1,0,0.0
U10501,Control,Mobile,South,47.0,3,0,0.0
U10502,Control,Tablet,South,20.0,3,1,1396.83
U10503,Control,Desktop,North,47.0,2,0,0.0
U10504,Treatment,Tablet,South,23.0,6,1,2621.27
U10505,Control,Tablet,North,46.0,8,1,392.4
U10506,Control,Mobile,North,25.0,3,0,0.0
U10507,Treatment,Mobile,South,60.0,3,0,0.0
U10508,Control,Desktop,South,50.0,3,0,0.0
U10509,Treatment,Desktop,West,34.0,2,0,0.0
U10510,Treatment,Mobile,North,28.0,3,1,1038.06
U10511,Control,Desktop,South,30.0,3,0,0.0
U10512,Treatment,Mobile,South,28.0,6,0,0.0
U10513,Control,Mobile,South,48.0,1,0,0.0
U10514,Treatment,Mobile,West,45.0,4,0,0.0
U10515,Treatment,Mobile,West,23.0,3,0,0.0
U10516,Control,Mobile,East,58.0,6,0,0.0
U10517,Treatment,Mobile,North,33.0,4,0,0.0
U10518,Treatment,Desktop,East,21.0,6,0,0.0
U10519,Treatment,Mobile,South,52.0,7,1,1745.93
U10520,Treatment,Mobile,West,43.0,4,0,0.0
U10521,Treatment,Desktop,West,29.0,6,0,0.0
U10522,Control,Tablet,East,28.0,3,0,0.0
U10523,Treatment,Desktop,West,54.0,1,0,0.0
U10524,Control,Desktop,South,42.0,7,0,0.0
U10525,Treatment,Desktop,West,35.0,6,1,590.17
U10526,Control,Mobile,East,36.0,4,0,0.0
U10527,Control,Mobile,South,40.0,7,0,0.0
U10528,Treatment,Mobile,East,55.0,4,0,0.0
U10529,Treatment,Mobile,West,35.0,2,0,0.0
U10530,Treatment,Mobile,East,43.0,1,0,0.0
U10531,Control,Desktop,East,23.0,3,0,0.0
U10532,Treatment,Mobile,North,21.0,3,0,0.0
U10533,Control,Mobile,West,46.0,5,0,0.0
U10534,Control,Mobile,West,51.0,6,0,0.0
U10535,Control,Desktop,East,34.0,2,0,0.0
U10536,Treatment,Mobile,North,60.0,5,0,0.0
U10537,Treatment,Desktop,West,60.0,4,0,0.0
U10538,Control,Mobile,South,33.0,3,1,2157.98
U10539,Control,Mobile,East,19.0,4,0,0.0
U10540,Treatment,Mobile,West,51.0,3,0,0.0
U10541,Control,Desktop,South,25.0,4,1,921.42
U10542,Treatment,Mobile,West,30.0,6,0,0.0
U10543,Control,Desktop,South,59.0,3,0,0.0
U10544,Treatment,Mobile,East,25.0,6,0,0.0
U10545,Control,Mobile,West,47.0,2,0,0.0
U10546,Treatment,Desktop,West,49.0,1,0,0.0
U10547,Control,Desktop,North,53.0,5,0,0.0
U10548,Treatment,Desktop,East,47.0,7,0,0.0
U10549,Treatment,Desktop,South,18.0,5,0,0.0
U10550,Control,Desktop,West,60.0,4,1,115.45
U10551,Control,Desktop,West,56.0,6,0,0.0
U10552,Treatment,Desktop,South,34.0,3,0,0.0
U10553,Control,Desktop,East,37.0,3,0,0.0
U10554,Treatment,Desktop,North,41.0,3,0,0.0
U10555,Control,Desktop,North,39.0,5,0,0.0
U10556,Treatment,Desktop,West,46.0,4,1,601.33
U10557,Treatment,Mobile,South,39.0,6,0,0.0
U10558,Treatment,Desktop,West,26.0,3,0,0.0
U10559,Treatment,Desktop,South,54.0,3,0,0.0
U10560,Treatment,Mobile,North,27.0,4,0,0.0
U10561,Treatment,Desktop,East,53.0,4,0,0.0
U10562,Control,Mobile,South,54.0,5,0,0.0
U10563,Control,Mobile,North,45.0,2,0,0.0
U10564,Control,Desktop,West,45.0,1,0,0.0
U10565,Treatment,Mobile,South,59.0,2,0,0.0
U10566,Treatment,Desktop,East,60.0,5,0,0.0
U10567,Treatment,Desktop,West,38.0,4,0,0.0
U10568,Treatment,Mobile,West,41.0,5,0,0.0
U10569,Control,Mobile,North,59.0,2,0,0.0
U10570,Control,Mobile,South,57.0,6,0,0.0
U10571,Treatment,Desktop,West,19.0,4,0,0.0
U10572,Control,Tablet,East,39.0,5,0,0.0
U10573,Control,Desktop,South,44.0,5,1,1110.15
U10574,Treatment,Mobile,East,39.0,5,0,0.0
U10575,Control,Desktop,West,54.0,2,1,557.66
U10576,Treatment,Mobile,East,44.0,5,0,0.0
U10577,Control,Desktop,North,46.0,4,0,0.0
U10578,Treatment,Mobile,East,20.0,3,1,822.4
U10579,Treatment,Desktop,South,30.0,6,0,0.0
U10580,Treatment,Mobile,East,27.0,5,0,0.0
U10581,Treatment,Tablet,East,53.0,4,0,0.0
U10582,Control,Mobile,North,26.0,5,1,715.62
U10583,Treatment,Desktop,East,44.0,5,1,711.45
U10584,Treatment,Tablet,East,51.0,4,0,0.0
U10585,Treatment,Mobile,West,18.0,2,0,0.0
U10586,Control,Tablet,West,49.0,3,0,0.0
U10587,Treatment,Desktop,South,42.0,1,0,0.0
U10588,Control,Mobile,West,46.0,5,0,0.0
U10589,Treatment,Mobile,West,24.0,2,0,0.0
U10590,Control,Desktop,West,20.0,6,0,0.0
U10591,Control,Mobile,West,37.0,2,0,0.0
U10592,Treatment,Mobile,North,37.0,5,0,0.0
U10593,Control,Mobile,West,47.0,2,1,2020.23
U10594,Treatment,Desktop,North,52.0,7,0,0.0
U10595,Treatment,Mobile,North,52.0,5,0,0.0
U10596,Treatment,Desktop,West,56.0,2,0,0.0
U10597,Control,Tablet,East,44.0,4,0,0.0
U10598,Control,Tablet,North,43.0,4,0,0.0
U10599,Treatment,Desktop,East,31.0,5,0,0.0
U10600,Treatment,Mobile,East,34.0,3,0,0.0
U10601,Control,Desktop,West,35.0,5,0,0.0
U10602,Treatment,Mobile,South,46.0,4,0,0.0
U10603,Treatment,Mobile,West,37.0,4,0,0.0
U10604,Treatment,Mobile,South,44.0,3,1,603.97
U10605,Control,Mobile,South,35.0,5,0,0.0
U10606,Control,Desktop,West,21.0,4,0,0.0
U10607,Control,Desktop,West,18.0,2,0,0.0
U10608,Treatment,Mobile,South,18.0,2,0,0.0
U10609,Treatment,Mobile,West,43.0,3,0,0.0
U10610,Treatment,Tablet,South,37.0,3,1,901.59
U10611,Control,Mobile,East,40.0,2,0,0.0
U10612,Treatment,Mobile,West,27.0,7,0,0.0
U10613,Treatment,Mobile,East,28.0,3,0,0.0
U10614,Treatment,Desktop,North,58.0,6,0,0.0
U10615,Treatment,Desktop,East,58.0,8,0,0.0
U10616,Control,Mobile,East,22.0,6,0,0.0
U10617,Control,Mobile,South,18.0,5,0,0.0
U10618,Treatment,Desktop,East,34.0,4,0,0.0
U10619,Control,Desktop,West,39.0,5,0,0.0
U10620,Control,Mobile,South,51.0,2,0,0.0
U10621,Treatment,Tablet,North,58.0,3,0,0.0
U10622,Treatment,Mobile,West,46.0,5,0,0.0
U10623,Control,Mobile,North,21.0,2,0,0.0
U10624,Treatment,Tablet,East,22.0,5,0,0.0
U10625,Control,Mobile,West,28.0,7,1,1179.12
U10626,Treatment,Desktop,West,38.0,4,0,0.0
U10627,Control,Mobile,North,52.0,2,0,0.0
U10628,Treatment,Mobile,West,29.0,3,1,1291.38
U10629,Control,Tablet,West,43.0,5,0,0.0
U10630,Control,Mobile,West,36.0,4,0,0.0
U10631,Control,Desktop,East,24.0,2,0,0.0
U10632,Treatment,Mobile,North,24.0,8,0,0.0
U10633,Control,Mobile,West,43.0,3,0,0.0
U10634,Control,Mobile,South,57.0,6,0,0.0
U10635,Treatment,Desktop,South,22.0,7,0,0.0
U10636,Treatment,Mobile,South,38.0,2,0,0.0
U10637,Control,Desktop,South,31.0,1,0,0.0
U10638,Control,Mobile,East,21.0,3,0,0.0
U10639,Treatment,Tablet,West,40.0,4,0,0.0
U10640,Treatment,Mobile,North,39.0,6,0,0.0
U10641,Treatment,Desktop,West,37.0,1,0,0.0
U10642,Treatment,Desktop,East,32.0,1,0,0.0
U10643,Treatment,Desktop,South,46.0,4,0,0.0
U10644,Control,Desktop,East,25.0,5,0,0.0
U10645,Treatment,Desktop,West,58.0,4,0,0.0
U10646,Control,Desktop,North,36.0,5,1,1502.93
U10647,Control,Mobile,East,56.0,4,0,0.0
U10648,Control,Mobile,North,45.0,6,0,0.0
U10649,Treatment,Tablet,East,44.0,7,0,0.0
U10650,Control,Desktop,North,21.0,4,0,0.0
U10651,Control,Desktop,North,32.0,5,0,0.0
U10652,Treatment,Mobile,South,52.0,2,0,0.0
U10653,Control,Mobile,North,54.0,4,1,1500.51
U10654,Control,Mobile,South,18.0,4,0,0.0
U10655,Treatment,Desktop,West,20.0,3,0,0.0
U10656,Control,Mobile,West,41.0,5,0,0.0
U10657,Control,Mobile,South,44.0,4,1,1111.36
U10658,Control,Mobile,South,57.0,6,0,0.0
U10659,Treatment,Mobile,East,53.0,4,0,0.0
U10660,Treatment,Mobile,East,51.0,4,0,0.0
U10661,Treatment,Mobile,East,46.0,3,0,0.0
U10662,Control,Desktop,West,41.0,1,0,0.0
U10663,Control,Mobile,East,41.0,5,1,1085.52
U10664,Treatment,Mobile,North,59.0,4,0,0.0
U10665,Control,Mobile,North,21.0,3,0,0.0
U10666,Treatment,Mobile,East,20.0,5,0,0.0
U10667,Treatment,Mobile,North,51.0,7,0,0.0
U10668,Treatment,Mobile,West,40.0,5,0,0.0
U10669,Control,Desktop,North,40.0,5,1,2312.15
U10670,Control,Mobile,West,22.0,3,0,0.0
U10671,Control,Desktop,South,48.0,2,1,376.39
U10672,Treatment,Desktop,South,58.0,2,0,0.0
U10673,Treatment,Desktop,South,23.0,2,0,0.0
U10674,Treatment,Mobile,South,54.0,5,0,0.0
U10675,Treatment,Mobile,North,27.0,4,0,0.0
U10676,Control,Mobile,East,57.0,5,0,0.0
U10677,Treatment,Mobile,North,24.0,5,0,0.0
U10678,Treatment,Tablet,West,56.0,3,0,0.0
U10679,Treatment,Mobile,North,55.0,7,0,0.0
U10680,Treatment,Mobile,North,38.0,4,0,0.0
U10681,Treatment,Desktop,West,37.0,2,0,0.0
U10682,Control,Desktop,South,20.0,4,1,1078.16
U10683,Control,Mobile,South,39.0,3,0,0.0
U10684,Treatment,Mobile,South,21.0,3,0,0.0
U10685,Control,Mobile,East,45.0,4,0,0.0
U10686,Treatment,Mobile,West,29.0,4,0,0.0
U10687,Treatment,Mobile,West,55.0,4,0,0.0
U10688,Control,Mobile,North,53.0,4,0,0.0
U10689,Control,Mobile,East,58.0,7,0,0.0
U10690,Treatment,Mobile,South,22.0,7,0,0.0
U10691,Treatment,Mobile,East,30.0,4,0,0.0
U10692,Treatment,Mobile,West,40.0,4,0,0.0
U10693,Control,Mobile,West,47.0,4,0,0.0
U10694,Treatment,Desktop,North,54.0,3,0,0.0
U10695,Treatment,Desktop,North,42.0,4,0,0.0
U10696,Treatment,Mobile,West,44.0,4,0,0.0
U10697,Control,Mobile,South,31.0,4,0,0.0
U10698,Treatment,Mobile,South,53.0,2,0,0.0
U10699,Treatment,Desktop,East,56.0,5,0,0.0
U10700,Control,Desktop,West,33.0,2,0,0.0
U10701,Treatment,Mobile,West,39.0,5,0,0.0
U10702,Treatment,Tablet,South,38.0,3,0,0.0
U10703,Control,Mobile,South,38.0,3,0,0.0
U10704,Treatment,Mobile,West,25.0,6,0,0.0
U10705,Control,Desktop,North,33.0,5,0,0.0
U10706,Control,Desktop,West,48.0,2,0,0.0
U10707,Treatment,Mobile,West,59.0,2,0,0.0
U10708,Treatment,Desktop,South,27.0,6,0,0.0
U10709,Treatment,Mobile,South,49.0,4,0,0.0
U10710,Treatment,Desktop,North,51.0,2,0,0.0
U10711,Control,Mobile,North,26.0,2,0,0.0
U10712,Treatment,Desktop,East,34.0,6,0,0.0
U10713,Control,Mobile,West,28.0,5,1,1465.08
U10714,Treatment,Desktop,South,49.0,5,1,3776.59
U10715,Treatment,Mobile,North,27.0,2,0,0.0
U10716,Treatment,Desktop,East,39.0,1,0,0.0
U10717,Control,Mobile,East,34.0,5,0,0.0
U10718,Treatment,Desktop,South,21.0,3,0,0.0
U10719,Treatment,Mobile,South,42.0,5,0,0.0
U10720,Treatment,Mobile,East,38.0,2,1,1124.29
U10721,Treatment,Mobile,North,54.0,2,0,0.0
U10722,Control,Mobile,East,55.0,5,0,0.0
U10723,Treatment,Nan,West,18.0,3,0,0.0
U10724,Control,Mobile,West,42.0,2,0,0.0
U10725,Control,Tablet,South,53.0,2,1,2909.32
U10726,Control,Mobile,North,34.0,4,1,1069.92
U10727,Control,Mobile,North,58.0,5,0,0.0
U10728,Control,Desktop,West,41.0,3,0,0.0
U10729,Control,Desktop,East,19.0,3,0,0.0
U10730,Treatment,Mobile,South,57.0,5,0,0.0
U10731,Control,Mobile,East,32.0,4,0,0.0
U10732,Control,Desktop,East,49.0,2,0,0.0
U10733,Control,Mobile,East,56.0,2,0,0.0
U10734,Treatment,Tablet,North,23.0,4,0,0.0
U10735,Treatment,Tablet,West,18.0,3,0,0.0
U10736,Control,Desktop,North,40.0,4,0,0.0
U10737,Treatment,Mobile,West,56.0,3,0,0.0
U10738,Control,Desktop,South,34.0,7,1,741.96
U10739,Control,Mobile,South,51.0,8,1,1095.2
U10740,Treatment,Mobile,East,58.0,5,0,0.0
U10741,Control,Mobile,West,46.0,3,0,0.0
U10742,Treatment,Mobile,West,26.0,3,0,0.0
U10743,Treatment,Desktop,West,30.0,1,0,0.0
U10744,Control,Desktop,East,23.0,6,0,0.0
U10745,Control,Nan,East,23.0,3,0,0.0
U10746,Treatment,Mobile,South,37.0,5,0,0.0
U10747,Control,Mobile,North,20.0,5,1,1435.72
U10748,Control,Mobile,West,34.0,5,0,0.0
U10749,Control,Tablet,West,29.0,6,0,0.0
U10750,Treatment,Mobile,North,18.0,4,0,0.0
U10751,Treatment,Desktop,West,34.0,4,0,0.0
U10752,Control,Mobile,East,20.0,6,1,898.67
U10753,Treatment,Mobile,East,39.0,5,0,0.0
U10754,Treatment,Desktop,West,39.0,4,1,840.34
U10755,Treatment,Mobile,East,53.0,5,0,0.0
U10756,Treatment,Desktop,East,49.0,4,0,0.0
U10757,Treatment,Tablet,West,49.0,4,0,0.0
U10758,Control,Mobile,South,21.0,5,0,0.0
U10759,Control,Mobile,North,35.0,4,0,0.0
U10760,Control,Mobile,East,36.0,2,0,0.0
U10761,Treatment,Tablet,South,60.0,4,0,0.0
U10762,Treatment,Mobile,East,52.0,3,0,0.0
U10763,Control,Desktop,East,57.0,3,0,0.0
U10764,Treatment,Desktop,North,31.0,5,1,1085.07
U10765,Control,Desktop,East,50.0,5,0,0.0
U10766,Control,Mobile,North,31.0,2,0,0.0
U10767,Control,Desktop,North,51.0,8,0,0.0
U10768,Treatment,Tablet,North,21.0,4,1,346.58
U10769,Treatment,Mobile,South,41.0,3,1,1947.32
U10770,Control,Nan,West,46.0,7,0,0.0
U10771,Control,Tablet,South,36.0,1,0,0.0
U10772,Control,Mobile,West,23.0,7,0,0.0
U10773,Control,Desktop,West,50.0,4,1,1118.52
U10774,Treatment,Mobile,North,57.0,4,1,603.76
U10775,Treatment,Mobile,East,36.0,6,1,2337.73
U10776,Control,Desktop,North,18.0,6,0,0.0
U10777,Control,Mobile,East,22.0,3,0,0.0
U10778,Treatment,Mobile,West,44.0,5,1,344.24
U10779,Treatment,Mobile,North,33.0,4,0,0.0
U10780,Control,Mobile,East,23.0,7,0,0.0
U10781,Control,Mobile,South,57.0,2,0,0.0
U10782,Control,Mobile,East,30.0,4,1,1324.31
U10783,Treatment,Tablet,North,52.0,6,0,0.0
U10784,Treatment,Mobile,South,36.0,4,0,0.0
U10785,Treatment,Desktop,East,29.0,3,0,0.0
U10786,Control,Mobile,East,33.0,1,0,0.0
U10787,Control,Desktop,East,60.0,2,0,0.0
U10788,Treatment,Nan,East,27.0,5,0,0.0
U10789,Treatment,Tablet,East,42.0,7,0,0.0
U10790,Control,Mobile,South,37.0,3,0,0.0
U10791,Treatment,Mobile,West,48.0,5,1,2657.2
U10792,Treatment,Mobile,South,21.0,2,0,0.0
U10793,Control,Mobile,South,40.0,2,0,0.0
U10794,Treatment,Mobile,South,19.0,10,1,1152.77
U10795,Control,Mobile,West,39.0,3,0,0.0
U10796,Control,Desktop,North,54.0,3,0,0.0
U10797,Control,Mobile,West,25.0,4,0,0.0
U10798,Control,Mobile,South,24.0,5,0,0.0
U10799,Control,Desktop,East,31.0,3,0,0.0
U10800,Control,Desktop,East,20.0,2,0,0.0
U10801,Control,Mobile,South,33.0,3,0,0.0
U10802,Treatment,Mobile,East,36.0,2,0,0.0
U10803,Control,Mobile,South,35.0,1,0,0.0
U10804,Control,Desktop,East,33.0,4,0,0.0
U10805,Treatment,Desktop,West,25.0,3,0,0.0
U10806,Treatment,Mobile,North,50.0,7,0,0.0
U10807,Treatment,Desktop,North,29.0,3,0,0.0
U10808,Control,Desktop,West,28.0,3,0,0.0
U10809,Treatment,Mobile,West,22.0,3,0,0.0
U10810,Control,Desktop,South,44.0,7,0,0.0
U10811,Control,Mobile,South,29.0,2,1,250.21
U10812,Control,Nan,South,34.0,5,1,854.18
U10813,Control,Mobile,East,23.0,5,0,0.0
U10814,Treatment,Mobile,South,50.0,3,0,0.0
U10815,Treatment,Mobile,West,22.0,4,0,0.0
U10816,Control,Tablet,North,45.0,1,1,1419.39
U10817,Control,Mobile,East,31.0,4,0,0.0
U10818,Control,Mobile,South,22.0,5,0,0.0
U10819,Treatment,Mobile,East,50.0,3,0,0.0
U10820,Control,Tablet,East,58.0,5,0,0.0
U10821,Control,Mobile,South,36.0,1,1,3089.7
U10822,Treatment,Mobile,East,39.0,3,0,0.0
U10823,Treatment,Mobile,North,22.0,5,0,0.0
U10824,Treatment,Mobile,West,19.0,5,0,0.0
U10825,Treatment,Tablet,West,47.0,3,0,0.0
U10826,Treatment,Tablet,North,56.0,4,0,0.0
U10827,Control,Mobile,East,21.0,5,0,0.0
U10828,Treatment,Tablet,South,50.0,5,0,0.0
U10829,Control,Desktop,East,30.0,4,0,0.0
U10830,Treatment,Desktop,North,37.0,4,0,0.0
U10831,Control,Mobile,East,24.0,4,0,0.0
U10832,Control,Mobile,West,32.0,3,0,0.0
U10833,Control,Mobile,East,40.0,4,0,0.0
U10834,Treatment,Desktop,North,31.0,5,0,0.0
U10835,Control,Mobile,West,40.0,6,0,0.0
U10836,Treatment,Mobile,East,36.0,6,0,0.0
U10837,Control,Mobile,East,46.0,2,0,0.0
U10838,Control,Desktop,West,37.0,6,0,0.0
U10839,Treatment,Mobile,South,46.0,5,0,0.0
U10840,Control,Desktop,West,41.0,3,0,0.0
U10841,Control,Tablet,South,35.0,3,0,0.0
U10842,Treatment,Mobile,North,27.0,2,1,370.16
U10843,Control,Desktop,North,58.0,4,0,0.0
U10844,Control,Mobile,West,25.0,6,1,599.16
U10845,Control,Desktop,West,43.0,2,0,0.0
U10846,Control,Mobile,North,46.0,3,0,0.0
U10847,Treatment,Desktop,South,27.0,4,0,0.0
U10848,Treatment,Desktop,North,34.0,4,0,0.0
U10849,Control,Tablet,West,19.0,4,0,0.0
U10850,Treatment,Desktop,North,23.0,4,0,0.0
U10851,Control,Mobile,West,22.0,6,0,0.0
U10852,Treatment,Desktop,West,45.0,5,0,0.0
U10853,Control,Nan,North,58.0,4,0,0.0
U10854,Control,Mobile,South,22.0,6,0,0.0
U10855,Control,Mobile,East,35.0,5,0,0.0
U10856,Control,Tablet,North,43.0,2,0,0.0
U10857,Control,Desktop,East,37.0,4,0,0.0
U10858,Control,Desktop,North,58.0,4,0,0.0
U10859,Treatment,Mobile,East,44.0,2,0,0.0
U10860,Control,Desktop,South,29.0,6,0,0.0
U10861,Treatment,Mobile,South,24.0,4,0,0.0
U10862,Control,Desktop,North,20.0,3,0,0.0
U10863,Treatment,Mobile,West,27.0,4,0,0.0
U10864,Treatment,Desktop,East,51.0,4,1,929.33
U10865,Treatment,Tablet,West,42.0,4,0,0.0
U10866,Control,Mobile,West,52.0,2,0,0.0
U10867,Control,Tablet,West,33.0,6,0,0.0
U10868,Treatment,Mobile,South,19.0,2,0,0.0
U10869,Control,Desktop,North,41.0,5,0,0.0
U10870,Treatment,Desktop,North,27.0,3,0,0.0
U10871,Control,Mobile,South,55.0,4,0,0.0
U10872,Treatment,Desktop,South,39.0,5,1,515.51
U10873,Treatment,Desktop,North,43.0,4,0,0.0
U10874,Control,Mobile,West,60.0,9,0,0.0
U10875,Treatment,Mobile,East,56.0,3,0,0.0
U10876,Control,Desktop,East,44.0,3,0,0.0
U10877,Treatment,Desktop,East,46.0,2,0,0.0
U10878,Treatment,Desktop,West,55.0,2,0,0.0
U10879,Control,Desktop,North,37.0,6,0,0.0
U10880,Control,Mobile,South,44.0,3,0,0.0
U10881,Control,Desktop,North,58.0,1,0,0.0
U10882,Treatment,Mobile,West,37.0,3,0,0.0
U10883,Control,Mobile,South,36.0,6,0,0.0
U10884,Treatment,Mobile,West,37.0,5,1,861.01
U10885,Treatment,Mobile,East,52.0,5,0,0.0
U10886,Control,Mobile,East,19.0,5,0,0.0
U10887,Control,Mobile,West,47.0,5,0,0.0
U10888,Treatment,Desktop,South,51.0,2,0,0.0
U10889,Treatment,Mobile,South,39.0,4,0,0.0
U10890,Control,Mobile,North,20.0,2,0,0.0
U10891,Control,Mobile,East,23.0,5,0,0.0
U10892,Control,Mobile,North,32.0,5,1,1372.12
U10893,Control,Mobile,North,44.0,4,0,0.0
U10894,Control,Mobile,West,27.0,4,0,0.0
U10895,Treatment,Desktop,West,26.0,4,0,0.0
U10896,Treatment,Desktop,North,50.0,5,0,0.0
U10897,Treatment,Desktop,East,49.0,3,0,0.0
U10898,Treatment,Mobile,West,23.0,4,0,0.0
U10899,Control,Mobile,North,58.0,5,0,0.0
U10900,Control,Desktop,North,53.0,6,1,1894.16
U10901,Control,Mobile,North,19.0,3,0,0.0
U10902,Treatment,Mobile,North,46.0,3,0,0.0
U10903,Treatment,Mobile,North,21.0,2,0,0.0
U10904,Control,Mobile,North,18.0,3,0,0.0
U10905,Control,Mobile,West,36.0,5,0,0.0
U10906,Treatment,Mobile,East,43.0,3,1,1015.04
U10907,Treatment,Mobile,North,42.0,3,0,0.0
U10908,Control,Mobile,South,27.0,5,0,0.0
U10909,Control,Desktop,West,32.0,4,0,0.0
U10910,Treatment,Desktop,West,39.0,5,0,0.0
U10911,Control,Desktop,North,38.0,2,0,0.0
U10912,Control,Desktop,West,39.0,4,0,0.0
U10913,Control,Tablet,North,53.0,7,0,0.0
U10914,Treatment,Mobile,East,51.0,4,0,0.0
U10915,Treatment,Mobile,East,47.0,2,0,0.0
U10916,Treatment,Mobile,West,42.0,4,0,0.0
U10917,Treatment,Desktop,West,45.0,7,0,0.0
U10918,Treatment,Desktop,South,18.0,5,0,0.0
U10919,Treatment,Mobile,West,21.0,5,0,0.0
U10920,Treatment,Tablet,South,24.0,2,0,0.0
U10921,Control,Mobile,East,26.0,6,0,0.0
U10922,Control,Tablet,East,53.0,1,0,0.0
U10923,Control,Mobile,North,36.0,6,0,0.0
U10924,Control,Mobile,East,18.0,3,0,0.0
U10925,Control,Mobile,South,27.0,1,0,0.0
U10926,Control,Mobile,West,53.0,4,0,0.0
U10927,Control,Mobile,North,26.0,7,0,0.0
U10928,Treatment,Mobile,South,59.0,4,0,0.0
U10929,Treatment,Desktop,West,49.0,3,1,608.78
U10930,Control,Mobile,North,49.0,3,0,0.0
U10931,Control,Mobile,East,23.0,3,0,0.0
U10932,Treatment,Desktop,South,55.0,4,0,0.0
U10933,Control,Desktop,West,34.0,8,0,0.0
U10934,Control,Mobile,North,27.0,1,0,0.0
U10935,Treatment,Mobile,North,44.0,4,1,2398.74
U10936,Control,Mobile,East,52.0,4,0,0.0
U10937,Treatment,Mobile,West,38.0,5,1,1841.4
U10938,Control,Desktop,East,42.0,4,0,0.0
U10939,Treatment,Mobile,East,45.0,4,0,0.0
U10940,Treatment,Mobile,West,32.0,4,0,0.0
U10941,Treatment,Desktop,West,21.0,4,0,0.0
U10942,Control,Mobile,West,46.0,8,0,0.0
U10943,Treatment,Mobile,South,26.0,3,0,0.0
U10944,Control,Mobile,West,44.0,3,0,0.0
U10945,Control,Tablet,North,43.0,4,0,0.0
U10946,Control,Mobile,East,36.0,4,0,0.0
U10947,Control,Desktop,South,45.0,5,0,0.0
U10948,Treatment,Mobile,West,34.0,3,0,0.0
U10949,Treatment,Mobile,South,60.0,4,0,0.0
U10950,Control,Desktop,West,58.0,4,0,0.0
U10951,Control,Tablet,South,59.0,4,0,0.0
U10952,Treatment,Desktop,East,37.0,3,1,690.59
U10953,Control,Desktop,East,57.0,4,0,0.0
U10954,Treatment,Desktop,North,56.0,2,0,0.0
U10955,Control,Mobile,North,40.0,6,0,0.0
U10956,Control,Mobile,West,49.0,5,1,1281.14
U10957,Treatment,Desktop,East,50.0,4,0,0.0
U10958,Control,Mobile,South,22.0,5,0,0.0
U10959,Treatment,Desktop,South,60.0,4,0,0.0
U10960,Control,Tablet,South,51.0,4,0,0.0
U10961,Control,Mobile,North,57.0,5,0,0.0
U10962,Control,Mobile,South,28.0,4,0,0.0
U10963,Treatment,Desktop,North,20.0,5,0,0.0
U10964,Control,Mobile,North,50.0,3,1,1173.3
U10965,Control,Desktop,West,28.0,6,0,0.0
U10966,Control,Mobile,South,33.0,5,0,0.0
U10967,Control,Desktop,South,35.0,3,0,0.0
U10968,Treatment,Mobile,East,47.0,4,0,0.0
U10969,Treatment,Desktop,West,27.0,5,0,0.0
U10970,Control,Mobile,East,35.0,5,0,0.0
U10971,Treatment,Mobile,West,55.0,5,0,0.0
U10972,Control,Mobile,South,36.0,6,0,0.0
U10973,Treatment,Desktop,North,53.0,3,0,0.0
U10974,Control,Desktop,North,30.0,4,0,0.0
U10975,Treatment,Mobile,North,20.0,4,0,0.0
U10976,Treatment,Mobile,North,27.0,4,0,0.0
U10977,Treatment,Mobile,North,55.0,3,0,0.0
U10978,Treatment,Desktop,East,18.0,4,0,0.0
U10979,Treatment,Desktop,West,44.0,3,0,0.0
U10980,Treatment,Mobile,South,25.0,7,0,0.0
U10981,Treatment,Mobile,East,59.0,5,0,0.0
U10982,Treatment,Mobile,West,34.0,3,0,0.0
U10983,Treatment,Mobile,North,26.0,2,0,0.0
U10984,Control,Mobile,West,23.0,5,0,0.0
U10985,Treatment,Tablet,West,60.0,5,0,0.0
U10986,Treatment,Mobile,North,42.0,3,0,0.0
U10987,Treatment,Desktop,North,56.0,7,1,1142.95
U10988,Treatment,Mobile,North,45.0,4,0,0.0
U10989,Treatment,Mobile,South,50.0,1,0,0.0
U10990,Treatment,Desktop,North,54.0,4,1,996.97
U10991,Treatment,Desktop,South,26.0,2,0,0.0
U10992,Treatment,Tablet,North,35.0,3,0,0.0
U10993,Treatment,Mobile,South,38.0,4,0,0.0
U10994,Treatment,Mobile,West,19.0,3,0,0.0
U10995,Treatment,Desktop,East,60.0,4,0,0.0
U10996,Control,Mobile,West,55.0,4,1,2503.45
U10997,Control,Mobile,West,57.0,3,0,0.0
U10998,Treatment,Mobile,North,53.0,6,0,0.0
U10999,Treatment,Mobile,South,60.0,2,0,0.0
U11000,Control,Desktop,East,54.0,4,0,0.0
U11001,Treatment,Mobile,North,32.0,4,0,0.0
U11002,Control,Mobile,North,45.0,4,0,0.0
U11003,Control,Mobile,North,35.0,5,0,0.0
U11004,Control,Mobile,West,51.0,5,0,0.0
U11005,Control,Mobile,South,39.0,2,1,1462.72
U11006,Control,Mobile,South,28.0,5,0,0.0
U11007,Treatment,Mobile,East,30.0,3,0,0.0
U11008,Control,Desktop,South,21.0,2,0,0.0
U11009,Treatment,Mobile,South,39.0,4,0,0.0
U11010,Treatment,Mobile,North,24.0,5,0,0.0
U11011,Control,Desktop,North,60.0,1,0,0.0
U11012,Control,Desktop,West,41.0,5,0,0.0
U11013,Treatment,Mobile,North,21.0,4,0,0.0
U11014,Control,Mobile,North,45.0,5,1,370.33
U11015,Control,Mobile,North,32.0,1,0,0.0
U11016,Treatment,Desktop,North,18.0,3,1,1294.04
U11017,Treatment,Tablet,West,20.0,7,0,0.0
U11018,Control,Desktop,North,31.0,5,0,0.0
U11019,Treatment,Mobile,East,55.0,5,0,0.0
U11020,Control,Desktop,East,18.0,3,0,0.0
U11021,Control,Mobile,East,55.0,2,0,0.0
U11022,Control,Mobile,East,55.0,3,0,0.0
U11023,Treatment,Mobile,North,38.0,4,0,0.0
U11024,Treatment,Tablet,East,46.0,3,1,909.83
U11025,Treatment,Mobile,North,22.0,5,0,0.0
U11026,Treatment,Desktop,West,27.0,4,0,0.0
U11027,Treatment,Mobile,East,45.0,4,0,0.0
U11028,Control,Mobile,South,38.0,2,0,0.0
U11029,Control,Mobile,East,24.0,4,0,0.0
U11030,Control,Mobile,East,20.0,5,0,0.0
U11031,Control,Desktop,North,37.0,4,0,0.0
U11032,Treatment,Mobile,East,36.0,3,0,0.0
U11033,Control,Desktop,South,52.0,3,0,0.0
U11034,Treatment,Desktop,North,21.0,5,0,0.0
U11035,Control,Tablet,North,22.0,2,0,0.0
U11036,Treatment,Mobile,West,18.0,5,0,0.0
U11037,Treatment,Mobile,West,21.0,2,1,0.0
U11038,Control,Mobile,East,29.0,3,0,0.0
U11039,Control,Tablet,West,44.0,2,0,0.0
U11040,Control,Tablet,West,59.0,2,0,0.0
U11041,Control,Mobile,West,40.0,3,0,0.0
U11042,Treatment,Desktop,North,42.0,5,1,2364.09
U11043,Control,Mobile,North,38.0,4,0,0.0
U11044,Control,Desktop,North,41.0,5,0,0.0
U11045,Treatment,Mobile,West,42.0,3,1,579.99
U11046,Control,Desktop,North,49.0,4,0,0.0
U11047,Control,Mobile,West,49.0,6,0,0.0
U11048,Control,Desktop,North,22.0,6,1,597.64
U11049,Control,Desktop,North,53.0,4,0,0.0
U11050,Control,Desktop,South,59.0,5,1,1386.4
U11051,Treatment,Mobile,East,59.0,5,0,0.0
U11052,Control,Mobile,West,56.0,4,1,486.63
U11053,Control,Mobile,South,33.0,3,0,0.0
U11054,Control,Mobile,North,50.0,4,1,1188.67
U11055,Control,Mobile,West,38.0,4,0,0.0
U11056,Control,Tablet,North,26.0,6,0,0.0
U11057,Treatment,Mobile,East,23.0,4,0,0.0
U11058,Control,Mobile,South,52.0,3,0,0.0
U11059,Treatment,Mobile,East,56.0,5,0,0.0
U11060,Treatment,Mobile,South,39.0,5,0,0.0
U11061,Control,Desktop,North,58.0,2,0,0.0
U11062,Control,Mobile,East,22.0,6,0,0.0
U11063,Control,Tablet,East,59.0,3,0,0.0
U11064,Control,Mobile,North,40.0,2,1,1121.48
U11065,Treatment,Tablet,East,34.0,3,0,0.0
U11066,Control,Desktop,West,29.0,6,0,0.0
U11067,Control,Mobile,South,40.0,5,0,0.0
U11068,Control,Tablet,South,33.0,6,0,0.0
U11069,Control,Mobile,South,20.0,5,0,0.0
U11070,Control,Desktop,West,47.0,2,0,0.0
U11071,Control,Mobile,South,39.0,3,1,2966.73
U11072,Treatment,Desktop,North,26.0,2,0,0.0
U11073,Treatment,Desktop,East,46.0,5,0,0.0
U11074,Control,Desktop,West,54.0,3,0,0.0
U11075,Control,Desktop,South,40.0,3,0,0.0
U11076,Control,Mobile,North,30.0,4,0,0.0
U11077,Treatment,Mobile,East,49.0,5,0,0.0
U11078,Control,Mobile,East,40.0,3,0,0.0
U11079,Treatment,Mobile,West,34.0,4,0,0.0
U11080,Control,Desktop,West,57.0,5,0,0.0
U11081,Control,Mobile,West,38.0,3,1,1845.97
U11082,Control,Tablet,North,19.0,4,0,0.0
U11083,Control,Desktop,North,54.0,3,0,0.0
U11084,Treatment,Desktop,West,23.0,6,0,0.0
U11085,Treatment,Mobile,South,35.0,8,0,0.0
U11086,Control,Desktop,East,47.0,5,1,981.27
U11087,Control,Tablet,East,39.0,3,0,0.0
U11088,Treatment,Mobile,North,50.0,1,0,0.0
U11089,Treatment,Desktop,East,47.0,4,1,1681.76
U11090,Treatment,Desktop,South,34.0,4,0,0.0
U11091,Treatment,Mobile,East,60.0,3,0,0.0
U11092,Control,Mobile,North,49.0,2,0,0.0
U11093,Treatment,Mobile,North,59.0,8,0,0.0
U11094,Control,Mobile,South,31.0,5,0,0.0
U11095,Treatment,Mobile,South,27.0,8,0,0.0
U11096,Treatment,Mobile,East,53.0,5,0,0.0
U11097,Treatment,Mobile,East,51.0,3,0,0.0
U11098,Treatment,Mobile,North,26.0,3,0,0.0
U11099,Treatment,Tablet,South,59.0,5,0,0.0
U11100,Control,Mobile,South,45.0,3,0,0.0
U11101,Control,Tablet,South,28.0,6,0,0.0
U11102,Treatment,Mobile,East,31.0,5,1,1245.23
U11103,Treatment,Mobile,South,56.0,1,1,1478.73
U11104,Control,Mobile,North,36.0,1,1,1642.51
U11105,Treatment,Mobile,North,32.0,5,0,0.0
U11106,Treatment,Mobile,East,45.0,3,0,0.0
U11107,Control,Desktop,West,41.0,3,0,0.0
U11108,Treatment,Mobile,East,25.0,6,0,0.0
U11109,Treatment,Desktop,West,60.0,4,0,0.0
U11110,Control,Desktop,South,26.0,5,0,0.0
U11111,Control,Mobile,East,50.0,1,0,0.0
U11112,Control,Mobile,North,50.0,3,0,0.0
U11113,Treatment,Desktop,South,36.0,4,1,2353.64
U11114,Control,Mobile,North,20.0,4,0,0.0
U11115,Control,Mobile,South,27.0,3,0,0.0
U11116,Control,Tablet,East,57.0,4,1,1471.74
U11117,Control,Mobile,West,59.0,3,0,0.0
U11118,Control,Desktop,South,18.0,3,0,0.0
U11119,Control,Tablet,West,46.0,5,0,0.0
U11120,Treatment,Mobile,South,51.0,5,0,0.0
U11121,Treatment,Mobile,North,30.0,2,0,0.0
U11122,Control,Mobile,North,18.0,5,0,0.0
U11123,Control,Mobile,South,51.0,2,0,0.0
U11124,Control,Mobile,West,46.0,6,0,0.0
U11125,Treatment,Desktop,East,30.0,2,1,1291.33
U11126,Treatment,Mobile,East,46.0,5,1,1027.06
U11127,Treatment,Mobile,North,56.0,4,0,0.0
U11128,Treatment,Tablet,East,41.0,3,0,0.0
U11129,Treatment,Desktop,North,43.0,3,1,1566.71
U11130,Treatment,Desktop,East,34.0,2,1,1172.36
U11131,Treatment,Mobile,South,24.0,3,1,1255.34
U11132,Treatment,Desktop,North,30.0,2,1,604.57
U11133,Treatment,Mobile,North,22.0,4,0,0.0
U11134,Control,Mobile,South,43.0,2,0,0.0
U11135,Control,Mobile,North,20.0,2,0,0.0
U11136,Control,Desktop,East,24.0,3,0,0.0
U11137,Control,Mobile,East,56.0,6,0,0.0
U11138,Treatment,Mobile,North,18.0,7,0,0.0
U11139,Treatment,Mobile,East,34.0,3,0,0.0
U11140,Control,Mobile,West,60.0,4,0,0.0
U11141,Treatment,Desktop,North,42.0,6,0,0.0
U11142,Control,Desktop,South,20.0,6,0,0.0
U11143,Treatment,Nan,West,32.0,1,0,0.0
U11144,Control,Mobile,North,46.0,4,0,0.0
U11145,Treatment,Mobile,South,60.0,4,0,0.0
U11146,Treatment,Mobile,East,49.0,2,1,1668.88
U11147,Control,Mobile,South,43.0,2,0,0.0
U11148,Treatment,Mobile,West,33.0,1,0,0.0
U11149,Control,Desktop,East,42.0,4,0,0.0
U11150,Control,Mobile,North,45.0,3,0,0.0
U11151,Control,Mobile,East,26.0,2,0,0.0
U11152,Control,Mobile,North,18.0,7,0,0.0
U11153,Treatment,Mobile,North,46.0,1,0,0.0
U11154,Treatment,Mobile,South,39.0,2,0,0.0
U11155,Treatment,Tablet,South,33.0,4,0,0.0
U11156,Control,Desktop,South,58.0,3,1,1264.17
U11157,Treatment,Tablet,West,58.0,3,0,0.0
U11158,Control,Mobile,West,24.0,7,0,0.0
U11159,Treatment,Mobile,South,31.0,4,0,0.0
U11160,Treatment,Mobile,West,46.0,2,0,0.0
U11161,Treatment,Mobile,East,36.0,4,0,0.0
U11162,Control,Desktop,East,36.0,5,0,0.0
U11163,Treatment,Mobile,West,19.0,1,0,0.0
U11164,Treatment,Mobile,West,58.0,3,0,0.0
U11165,Control,Mobile,East,32.0,2,0,0.0
U11166,Treatment,Mobile,North,20.0,4,0,0.0
U11167,Control,Desktop,East,28.0,6,0,0.0
U11168,Treatment,Mobile,East,47.0,5,0,0.0
U11169,Control,Mobile,West,57.0,3,0,0.0
U11170,Control,Mobile,East,35.0,4,0,0.0
U11171,Treatment,Mobile,West,19.0,4,0,0.0
U11172,Control,Desktop,West,49.0,6,0,0.0
U11173,Control,Desktop,South,25.0,2,0,0.0
U11174,Control,Tablet,East,39.0,5,0,0.0
U11175,Control,Desktop,North,23.0,1,0,0.0
U11176,Control,Mobile,South,29.0,3,1,794.96
U11177,Control,Desktop,West,57.0,3,0,0.0
U11178,Treatment,Mobile,West,53.0,2,0,0.0
U11179,Control,Mobile,North,32.0,5,0,0.0
U11180,Control,Desktop,West,45.0,6,0,0.0
U11181,Treatment,Mobile,East,35.0,3,0,0.0
U11182,Treatment,Tablet,South,19.0,5,0,0.0
U11183,Treatment,Mobile,West,30.0,5,0,0.0
U11184,Treatment,Desktop,West,32.0,3,0,0.0
U11185,Treatment,Desktop,North,37.0,3,1,1955.05
U11186,Treatment,Desktop,East,46.0,4,0,0.0
U11187,Treatment,Desktop,West,59.0,4,0,0.0
U11188,Control,Desktop,North,46.0,4,0,0.0
U11189,Control,Mobile,West,20.0,5,0,0.0
U11190,Treatment,Mobile,North,36.0,6,0,0.0
U11191,Control,Mobile,North,20.0,5,1,0.0
U11192,Control,Desktop,East,31.0,5,0,0.0
U11193,Control,Mobile,West,57.0,3,1,1455.99
U11194,Treatment,Desktop,East,21.0,3,0,0.0
U11195,Treatment,Mobile,North,28.0,6,1,1021.08
U11196,Control,Mobile,South,48.0,3,0,0.0
U11197,Treatment,Desktop,West,60.0,2,0,0.0
U11198,Control,Mobile,South,49.0,3,0,0.0
U11199,Control,Mobile,West,44.0,5,0,0.0
U11200,Control,Mobile,East,47.0,3,0,0.0
U11037,Treatment,Mobile,West,21.0,2,1,3741.34
U10859,Treatment,Mobile,East,39.0,2,0,0.0
